listing,price,brand,size
Bundle‚Åüany‚Åü2¬†or‚Åümore‚Åüitems‚Åü&‚Åüget‚Åü50%‚Åüoff,9.0,Coach, OS
Floral flower duffel bag,25.0,, OS
LOTTUSSE Tote two way leather bag Zip Top Handle,199.0,LOTTUSSE, OS
Vera Bradley Iconic Zip In Brush Organizer Travel Case Blue Paisley Quilted‚Äé,12.0,Vera Bradley, OS
Dooney & Bourke Triple Zip Crossbody,49.0,Dooney & Bourke, OS
"URBAN EXPRESSIONS Oliveta Scrunch Handle Crossbody Bag, purse,",27.0,Urban Expressions, OS
Purple Crossbody Phone Wallet,10.0,, OS
Shiraleah Chicago Jute Straw Tote Bag D-Ring Handles Natural Woven,17.0,Shiraleah Chicago, One Size
"üÜï Straw Beach Bag for Women, Summer Weave Crossbody Drawstring Shoulder Bags",22.0,, OS
Michael Kors Red Quilted Leather Shoulder Handbag With Gold Chain Strap,95.0,Michael Kors, M
Steve Madden Women's Zip Around Wallet Green,21.0,Steve Madden, OS
Harrods Cosmetic Bag,20.0,Harrods, OS
üíïLululemon All Night Festival Bag 5L - Black w/ Gold Hardware Crossbody Sling,56.0,lululemon athletica, OS
Brighton Wild Cat Leopard Print Belt Bag,30.0,," 11"" x 5.5"" x 3"""
Lucky Brend English tan leather crossbody bag,45.0,Lucky Brand, OS
Calvin Klein Vibrant Yellow Crossbody Bag,90.0,Calvin Klein, OS
Authentic Coach Denim Jonie Bag,235.0,Coach, OS
2 for 30‚ú®Longaberger Tote Bag,18.0,Longaberger, OS
"Lilly Pulitzer Estee Lauder Lemon Print Canvas Tote Bag Pink & Green Handles 16""",15.0,Lilly Pulitzer, OS
Louis Vuitton Damien Graphite Brazza Wallet (often called the Brazza Wallet),242.0,Louis Vuitton, 7.5‚Äù L x 3.9‚Äù H x 0.8‚Äù USD
Striped Multicolor Woven Tote Bag,10.0,, OS
Ted Baker London purse dust bag / preowned condition with some issues,15.0,Ted Baker, OS
Cute Little Red Corduroy Floral Make Up Bag,5.0,, OS
NWT Life is Good Carry All Bag,17.0,Life is Good, 7.5in x 13in
Yves‚ÅüSaint Laurent Inspired Velvet Storage Box,35.0,Mme_Chic, OS
Coach Blue Leather Sling Bag,250.0,Coach, OS
#137 Lauren Ralph Lauren NWT Newbury Kaelyn Leather Wallet Crossbody Bag,87.0,Lauren Ralph Lauren, OS
Vera Bradley Ultralight Camera Bag Crossbody NWT,40.0,Vera Bradley, OS
Charming Charlie Pink Flamingo Wristlet Clutch Light Pink Travel Pouch,20.0,Charming Charlie, OS
Coach Disney Mickey Mouse X Keith Haring Holden Crossbody - Style C6911-2022,298.0,Coach, NWOT
Gucci Black Bees Wallet,499.0,Gucci, Length 4 x Width 1 x Height 3 (Approx.)
Hoka Black Belt Bag size M,60.0,Hoka, OS
Nanette Lepore White Quilted Wallet with Gold Accent,35.0,Nanette Lepore, OS
"üñ§ Quilted Patent‚ÄëStyle Mini Shoulder Bag ¬∑ 6x5"" ¬∑ NWOT",12.0,Vintagejelyfish, OS
Fossil Brown Leather Wristlet,23.0,Fossil, OS
Baskets Of Cambodia Woven Straw Shoulder‚Äé Bag Braided Strap Top Zip Closure,25.0,Baskets Of Cambodia, One Size
Clare Vivier Brown Suede with Navy Stripe pouch / clutch,125.0,Clare V., OS
Vera Bradley Weekend/Gym/Duffle Bag in Boysenberry‚Äé Pattern,48.0,Vera Bradley, OS
Vintage‚Äé MAGID Ivory Satin Beaded Clutch Bridal Spring Coquette 4.5x8.75 Purse,33.0,Magid, OS
Botkier Black Tote Bag,55.0,Botkier, OS
Coach Poppy Blue Multi Color Logo Dot Canvas Wristlet Pouch with Leather Trim,75.0,Coach, OS
Tan Suede Shoulder Bag,44.0,, OS
Louis Vuitton Lavender Epi Leather Compact Snap Wallet,395.0,Louis Vuitton, OS
Vintage Chaco Natural Leather Belt Bag Fanny Pack Brown Zip Waist Bag,38.0,Chaco, OS
Mini backpack bundle,22.0,, OS
FOSSIL‚Äé Sydney Green Leather Zip Clutch Wallet Wristlet Organizer SL4265,18.0,Fossil, OS
Michael Michael‚ÅüKors Logo the Michael Large Tote‚Äé Bag - Camel Multi,150.0,MICHAEL Michael Kors, OS
Forever 21 Mini Backpack,15.0,Forever 21, OS
Crossbody Rattan and Leather Bag Made in Bali,55.0,Pink Haley, OS
Calvin Klein Purple Shoulder Bag,15.0,Calvin Klein, OS
Handmade Hand Beaded Wristlet Clutch - Ethnic Inspired Design - Dyed Fine Cotton,20.0,Ruggine, OS
Vintage Red Music Sheet Bag,28.0,Vintage, OS
BEBE Emboss NOLA Chain Crossbody Shoulder Bag in Barbiecore Pink NWT,31.0,bebe, OS
Floral Embroidered Tote Bag with Bamboo Handle,45.0,, OS
Nikky By Nicole Lee Large Oval Makeup Pouch Cosmetic Bag Best Friends,14.0,Nicole Lee, OS
Sanrio Hello Kitty Cosmetic Toiletry Travel Makeup Bag - Bows Kawaii,18.0,, OS
MCM PERFORATED VISETOS HANDBAG,320.0,MCM, Approx 8x12
Vintage Ferragamo Shoulder bag,382.0,Salvatore Ferragamo, OS
Michael Kors Black and Cream Animal Print Tote G4,120.0,Michael Kors, OS
Vintage Lumured Corde Bead Handbag Cream White Beaded Purse 1950's Glam USA Made,29.0,Lumured Corde Bead, OS
Dutch Bros Black Crew Backpack & Free FaceMask,49.0,Dutch Bros, OS
Brash Crossbody Black Studded Mini Crossbody Purse Punk Goth Biker EMO Rock‚Äé,11.0,Brash, OS
Louis Vuitton Monogram Gange Pochette,850.0,Louis Vuitton, OS
Stylish Camouflage Pouch with Red Stripe,15.0,, OS
Coach Klare Crossbody With Linear Quilting B2081-2561 ‚Äì Ivory ‚Äì Gold Chain,150.0,Coach, OS
Elegant Black Women's‚Äé Handbag,15.0,Apostrophe, OS
KAVU SLING ROPE BAG Travel Crossbody Pockets Backpack,21.0,Kavu, OS
"Trader Joe‚Äôs Trick or Treat Canvas Tote Bag Set - Black, Orange, Purple & Multi",40.0,Trader Joe'S, OS
"Michael Kors Medium Mirella 35S2G7ZT7L Tote Bag 
Black Multi
NWT",150.0,Michael Kors, Medium
"Mandala Cosmetic Bag, Travel Pouch",18.0,Independent, OS
VTG Y2K Coach 6818 Soho Black Leather Signature C Canvas Buckle Shoulder Bag 90s,225.0,Coach, OS
Set 2 small ladies bags purses tapestry vintage cheetah and zebra NYC shoulder,20.0,NYC, OS
Lululemon Everyday Belt Bag Sherpa Off White Ivory,58.0,lululemon athletica, OS
kate spade x Target ‚ÄúGOING TO TARGET‚Äù Beaded Clutch ‚Äì Limited Edition,56.0,kate spade, OS
Vintage Coach Soho signature jacquard and leather shoulder bag in black,130.0,Coach, OS
PINKY shoulder bag Brown genuine leather bag Women's bags made in USA Vintage pu,37.0,Pinky, OS
Dooney & Bourke Penrose Triple Zip Crossbody,82.0,Dooney & Bourke, OS
NWT Juicy Couture Queen Couture Light Pink Shoulder Bag,38.0,Juicy Couture, OS
True Religion Denim Crossbody Bag Horseshoe Logo Y2K Flap Purse,28.0,True Religion, OS
Seashell Canvas Pink and Blue Tote Bag; NWOT,50.0,Stone & Stitch, OS
Vintage White Pebble Leather Coach Wristlet Handbag,40.0,Coach, OS
Kate Spade Rae Medium Satchel in Lilac Moon with Silvertone Hardware,175.0,kate spade, OS
Kate Spade Ivory Tote Bag,36.0,kate spade, OS
Artesanias Mexican Authentic Tan Straw Woven Aztec Zig Zag Stitch Crossbody Bag,20.0,M.M.M Artesanias, OS
Carolina Herrera‚Äé Glasses Case Red Leather Hard Shell w/Black Velvet Lining,8.0,Carolina Herrera, OS
Coach Signature Khaki & Hot Pink Crossbody Bag Outside Pocket Style 101209  Y2K,65.0,, OS
Brighton Black Croc Embossed Leather Trim Tote Bag Braided Straps Large,69.0,Brighton, OS
Louis Vuitton Wallet Zip Around Monogram Vernis Zippy Rose Velours Brown M10153,159.0,Louis Vuitton, OS
Pendleton Zip Peak Tote Bag Green Aztec,60.0,Pendleton, OS
Parker Laser Cut Buckle Fold Over Backpack Vegan Leather in Tan,20.0,The Unbranded Brand, OS
Brown Leather Cowhide Wallet,35.0,Private Label, OS
"üÜïGOTHIC PUNK STEAMPUNK HEART CROSSBODY BAG/ RIVET STUDS, CROSS CHAIN & STRAP",50.0,Tough2sweet, OS
MICHAEL KORS NEW Rhea Zip Black NEW Medium CAVIAR Thick Leather $285 BACKPACK,95.0,MICHAEL Michael Kors, $285
NEW French Connection Artemis Knotted Top Handle Crossbody in Cognac,35.0,French Connection, OS
Victoria Secret Bow Tote Bag Black os,50.0,Victoria's Secret, OS
Loungefly Disney Mickey Mouse Ears Fanny Pack Crossbody Bag,40.0,Loungefly, OS
New Michael Kors Pink and Gold Crossbody Bag,225.0,Michael Kors, OS
"PrettyLittle Thing- Natural Crochet Detail Beach
Tote Bag Cream Boho NWT",27.0,PrettyLittleThing, OS
Hugo Boss shopping bag,7.0,Hugo Boss, OS
Coach Red and Brown Shoulder Bag,89.0,Coach, OS
DUNHILL workbag/ tote bag,200.0,Dunhill," 13W x 14H x 3D inches. Handles 5"" drop"
American Darling Crossbody Fringe Bag,125.0,American Darling, OS
Kenneth Cole Reaction Woman's Shoulder Bag with Whimsical Charms,23.0,Reaction Kenneth Cole, OS
Vintage 1997 Coach Ergo 9025 Zip Hobo Black Leather Made in USA Shoulder Bag,525.0,Coach, OS
Brighton - Vintage - Heritage Collection - Rex Messenger Black Crossbody Purse,41.0,Brighton, OS
Simply southern Blue and White Floral Cosmetic Case,60.0,Simply Southern, OS
"Juicy by Juicy Couture leopard print, and black wristlet new without tags",20.0,Juicy Couture, OS
"DANA BUCHMAN Rose Floral Tote Multicolor 17"" X 12"" X 3.5""",19.0,Dana Buchman, OS
Purple Clutch with Chain Crossbody Strap Younique Brand,25.0,Younique, OS
BRITTO Colorful Heart Print Backpack-Romero Britto,45.0,, OS
TAHARI Red Faux Leather RFID Wallet (8x4),5.0,Tahari, OS
Gucci GG Supreme Shoulder Bag in beige PVC leather,166.0,Gucci, OS
üíúü¶Ñü§©üë∏Vera Bradley x Disney Belle Triple Zip Hipster Crossbody Bag NWT,72.0,Vera Bradley, OS
üçìGUCCI GG PVC Sherryline Shoulder Bag,550.0,Gucci, OS
Stylish Black and White Houndstooth Women's Bag; Three Inside Pockets,17.0,, OS
Jimmy Choo Nino Gold Star-Embossed Patent Leather Medium Size Trifold Wallet,255.0,Jimmy Choo, OS
Colbalt Blue Sequin Bag,55.0,, OS
"3-Piece Crocodile Pattern Handbag Set ‚Äì Tote, Clutch & Wallet",80.0,, OS
Free People Quilted Carryall üíõ  Lemon Zest - FACTORY SEALED,128.0,FP Movement by Free People, OS
MCM Visetos Drawstring Bucket Bag White W/ Tan Leather Trim Pre-Loved,355.0,MCM," Width: 10.5‚Äù
Height: 13‚Äù"
Brahmin Jody Melbourne Black Croc-Embossed Women's Bag,125.0,Brahmin, OS
"COACH Beachball Bag Charm / Key Ring, NWT",79.0,Coach, OS
Broadway The Lion King‚Åütote with tags,25.0,the lion king, OS
Gucci Mini Marmont Camera Crossbody,1295.0,Gucci, OS
MK backpack,65.0,Michael Kors, OS
"MICHAEL KORS
Jet Set Travel Large Logo Tote Shoulder Bag
COLOR VANILLA 
NWT",155.0,Michael Kors,
Dooney & Bourke Black Pebbled Leather Tote Shoulder Bag,68.0,Dooney & Bourke, OS
Loungefly Disney Pop! Lion King Backpack and Wallet set,90.0,Loungefly, OS
Coach Legacy Stripe Turnlock Mini Bag Wristlet,275.0,Coach," 7.5"" W x 4.5"" H x 2"" D"
Francesca‚Äôs Florence Pleated Wood Frame Clutch Interior Pocket,16.0,Francesca's Collections, OS
Calvin Klein Cream Roxy Leather Tote Crossbody Bag with Gold Accents,99.0,Calvin Klein, OS
Vera Bradley Plum Crazy 2013 Mini Hipster Crossbody Quilt Bag,13.0,Vera Bradley, OS
Michael Kors Navy Blue Nylon Crossbody Purse Saffiano Leather Trim Zipper Close,50.0,Michael Kors, OS
RELIC crossbody bag Brown canvas/ leather bag Women's shoulder bags,20.0,Relic, OS
Large Check-In Roller in Lavender,499.0,BEIS, OS
Mulberry Convertible Leather Backpack,800.0,Mulberry, OS
Coach Navy and Tan Signature Hobo Bag,139.0,Coach, OS
Anne Klein Black Faux Leather Satchel Tote Duffel Hand Bag Structured Work Purse,24.0,Anne Klein, OS
Crossbody Strap Beige White,25.0,, OS
"Lug Jumper Bag, Green",40.0,lug, OS
Michael Kors Black Leather Wallet Wristlet,48.0,Michael Kors, OS
Michael Kors NWOT Leather Crossbody Bag Olive Green Gold Chain,46.0,Michael Kors, OS
NWT Limited Edition Embellished Tote Sequined Beaded America & Beyond,98.0,America & Beyond, OS
Outdoor Voices Red Lil Fanny Pack Snap Clip Mini Bag,14.0,Outdoor Voices, OS
üéâüÜï üéâ Mini KAVU Blue and White Rope Bag-Cool Blot Pattern RETELL $55,38.0,Kavu, OS
CHANEL Black Quilted Leather Wallet,534.0,CHANEL, OS
Marc by Marc Jacobs Mini Leather Bucket Bag Ivory Drawstring Crossbody,85.0,Marc By Marc Jacobs, OS
Etna Tan Wristlet Clutch with Structured Design,22.0,Etna, OS
LOEWE Anagram long wallet- rare,280.0,Loewe, OS
NWT Kate Spade Ditsy Rose Crossbody,249.0,kate spade, OS
NWT Modo Bella White Quilted Heart Long Wallet Clutch Purse Snap Closure,16.0,Moda Bella, One Size
Haute Hippie Straw Flowers Bamboo Handle Satchel Shoulder Crossbody Chain,39.0,Haute Hippie, OS
Michael Kors‚Äé metallic gold croc-embossed shoulder bag,40.0,Michael Kors, OS
Ted Baker White and Gray Bird Print Tote,30.0,Ted Baker, OS
Reed Krakoff Boxer Belted Large Satchel Bag,70.0,Reed Krakoff, OS
"Handmade Straw Hobo Tote Bag, Lightweight Summer Beach Shoulder Bag",75.0,, OS
Famous almond tree painting,5.0,unbranded, OS
Puffer Sling Crossbody Bag with Cellphone Holder Pouch.,18.0,, OS
S√©zane Madrid Cream Tote Bag with Red Heart,30.0,Sezane, OS
RELIC Leather Clutch Unisex black clutch,20.0,Relic, OS
Coach Cream and Brown Patchwork Wristlet,35.0,Coach, OS
Show‚ÄÑnowüõçÔ∏è,3.0,, OS
Gucci tan hobo tote,899.0,, OS
Vintage Sharif Black Leather Crossbody Bag,30.0,Sharif, OS
"Incase Laptop Sleeve 14""x10"" Gray 16"" Diagonal",18.0,Incase, OS
Rhinestone Crescent hand Bag ‚Äì Glam Statement Piece,40.0,, OS
Large Coach Corner Zip Wristlet - Im/Fuchsia,46.0,Coach," 7 3/4"" (L) x 4 3/4"" (H) x 1/2"" (W)"
Louis Vuitton Monogram Papillon Attached Pouch Bag YQ05884,1103.0,Louis Vuitton," W 5.9 x H 2.6 x D 2.6 """
Kate Spade Black and‚ÅüWhite Women's Bag,49.0,kate spade, OS
Mickey Mouse Disney Vintage 90s Red Blue Duffel Bag Overnight Zippered Compact,40.0,Disney, OS
Caboodles cosmetic organizer &‚Äé jewelry organizer,19.0,Caboodles, OS
Kozan by MK & Hydra Edition Women's Leopard Print Shoulder Bag Multicolor,43.0,Kozan, OS
United Colors of Benetton Elegant Black  Wallet,45.0,United Colors Of Benetton, OS
"Vintage Y2K Brown Coach
Hampton Python Hobo Bag#10260",150.0,Coach, OS
Women Vegan Leather Hand-Woven Tote Handbag Metalic Bronze,72.0,, OS
"Stella & Dot Coral Cutout Clutch/Wallet, Excellent Used Condition",12.0,Stella & Dot, OS
Gucci Small GG shoulder bag,1250.0,Gucci, OS
newspaper clutch¬†got it custom‚Åümade‚Åürunway‚Åühandbag‚Åüpurse,20.0,unbranded, OS
‚ÄéLouis¬†Vuitton‚ÄàToilery‚ÄàPouch‚Äà26,1986.0,Louis Vuitton, OS
Micheal Kors Whitney‚ÅüTote,100.0,Michael Kors, OS
üÜïLAST 1!ü™ÑLARGE MYSTICAL GOTHIC WITCH COVEN ART COSMETIC BAG GOTH/Y2K/PUNK,12.0,, OS
RARE! KATE SPADE Yellow Ostrich Leather Clutch with Card Slots & Billfold!,121.0,kate spade, OS
Proenza Schouler PS1 Tote Canvas/Snakeskin Leather Cream/Brown Classic Casual,500.0,Proenza Schouler, OS
Michael Kors Jet Set Large Saffiano Leather Tote ‚Äì‚Äé Truffle Beige,85.0,Michael Kors, 13‚Äù x 9.25‚Äù x 5.5‚Äù ; 7.5‚Äù strap drop
Dior Bi-Color Leather Lady Dior Medium Shoulder Bag - Red Quilted Design,2899.0,Dior, Length 9 x Width 3 x Height 8 (Approx.)
Floral Cat Messenger Bag Small Ethnic Pattern Black White Multicolor Women,6.0,, OS
Michael Kors Jet Set Tote ‚Äì Tan Saffiano Leather ‚Äì Authenticated ‚Äì Gold Hardware,44.0,Michael Kors, OS
Coach Brown and Black Patterned Shoulder Bag,80.0,Coach, OS
NWT Hello Kitty Faux Fur Cosmetic Bag & Surf Towel Set ‚Äì Adorable & Rare!,20.0,Hello Kitty, OS
De Vesl Silver Crocodile Embossed Top Handle Bag Mini Lock Padlock,69.0,De Vesl, OS
‚ù§Ô∏èauthentic lv,1400.0,Louis Vuitton, Saumur 30
Juicy Couture Pink and Dark brown Satchel with crossbody strap and coin purse,40.0,Juicy Couture, OS
Michael Kors Slouchy Pebbled  Ivory Leather Crossbody Bag with Gold Hardware,50.0,Michael Kors, OS
Tommy Hilfiger Mini Bagette purse Teal Turquoise Crossbody Y2K,10.0,Tommy Hilfiger, OS
Michael Kors Moxley Light Blue Pebbled Crossbody Bag,35.0,Michael Kors, 8 x 9
Michael Kors Jet Set Travel LG Flat MF Phone Case,86.0,Michael Kors, Large
Ted Baker London wallet. Marsha leather with padlock. Zip close. Used,29.0,Ted Baker, OS
Vintage Fossil Brown Leather Bag,25.0,Fossil, OS
Michael Kors White Dust Bag,21.0,Michael Kors, 21‚Äù X 21‚Äù
Anthropologie Maud Fourier Reversible Striped Tote NWT Colorful Serape Bag,25.0,Anthropologie X Maud Fourier, large
Dooney & Bourke Fuchsia Pink Shoulder‚Äé Bag (Needs some TLC),59.0,Dooney & Bourke, OS
Calvin Klein‚Äé Floral Crossbody Bag | Black Faux Leather Purse Gold Chain,47.0,Calvin Klein, OS
Nasty Gal Faux Leather Stud Clutch Wristlet Bag NWT,28.0,Nasty Gal, OS
Vintage Christian DIOR Trotter Cosmetic Bag New With Tags (NWT) ¬†Clutch Wristlet,232.0,Dior, OS
Elegant Rose Gold Clutch Bag,30.0,, OS
Urban expansions purple purce,35.0,Urban Expressions, OS
‚ù§Ô∏è Lululemon Limited Edition Brand New Tote Bags,36.0,lululemon athletica, OS
Gilli made in Italy Banana Bag,42.0,Gilli, OS
Coach Ashley Gray Leather Ruched large shoulder bag,46.0,Coach, OS
Black Fabric Woven Italian Seatbelt Style Flap Front Snap close bag,30.0,Italian, OS
Disney Parks Mickey Mouse Crossbody Handbag Exclusive Classic Collage Pattern,25.0,Disney Parks, OS
Disney X Kate Spade New York Minnie Mouse Daisy Vanity Crossbody and Wallet Set,178.0,kate spade," 5.6"" W √ó 6.1"" H √ó 2.6"" D"
Louis Vuitton  Shoulder Brown Canvas Bag Initial Alma Monogram,3499.0,Louis Vuitton, OS
Trader Joe‚Äôs Mini Halloween Tote Bags Pack of 2 Black and Orange,30.0,Trader Joe'S, OS
Lululemon City Essentials Nano Shoulder Bag (Pink Pearl/Rose Gold),54.0,lululemon athletica, OS
Chloe Mini Faye Bracelet Black Leather Suede Crossbody Bag Pale Gold Ring,660.0,Chloe, OS
Coach Gold Tan Signature Stripe Logo Bag Purse Tote Satchel Shoulder Bag NEW,125.0,Coach, OS
Marc Jacobs Leather Bag. Red. Dust Bag included.,120.0,Marc Jacobs, OS
Patricia Nash Brown Leather Womens Clutch Purse Brass Frame Embossed Floral Logo,23.0,Patricia Nash, OS
EUC Bottega Veneta Intrecciato Brown Leather Hobo/Shoulder bag,2995.0,Bottega Veneta, OS
Louis Vuitton OnTheGo Tote Bag in the GM size Featuring The Reverse Monogram,2800.0,Louis Vuitton, OS
Saint Laurent Le 5 √† 7 Supple Small Black Grained Leather Shoulder Bag,2495.0,Yves Saint Laurent, OS
COACH- Taylor leather slim envelope wallet - NWT,150.0,Coach, 8‚Äùx4‚Äù
Beautiful purse with fringe tassel üî•,55.0,Modern Lux, OS
VTG 1980's American Tourister Carry On Shoulder Bag Messenger Bag‚Äé Gray/Tan,20.0,American Tourister, OS
Chic Tan Faux Leather Hobo Bag,45.0,None, OS
Sakroots bag,40.0,Sakroots, OS
Bi Joux Terner Vintage Beaded bag- floral Black,35.0,Bi Joux Terner, OS
Fatta Fabrica Italiana Foldable Bag,30.0,Fatta Fabrica Italiana, OS
White Sophisticated Versatile Quilted Style Shoulder Bag with detachable Straps,10.0,, OS
Roots Vintage Leather Purse Bag Shoulder Tote Quality Pockets Handbag Beaver,99.0,Roots, OS
üíØAUTHENTIC‚Äé MICHAEL KORS BACKPACK O20,175.0,Michael Kors, OS
Furla Genuine Leather Bag in Cream,143.0,Furla, OS
Vintage Gitano Navy Faux Leather Crossbody Purse Small 90s Minimalist Bag,25.0,Vintage, OS
Badgley Mischka mini bag.,40.0,Badgley Mischka, OS
Victoria‚Äôs Secret just add lipstick clutch bag new,20.0,Victoria's Secret, OS
Sarep + Rose Handmade Tan Crossbody Bag,45.0,Sarep + Rose, OS
Cash Bag,30.0,, OS
MICHAEL Michael Kors JET SET TRAVEL TOTE BAG NYLON CANVAS LEATHER TRIM HANDLES,55.0,MICHAEL Michael Kors, OS
Rare Vince Camuto Bag,60.0,Vince Camuto, OS
